Workbook

Sheet Cover page
A2: TẬP ĐOÀN CÔNG NGHIỆP - VIỄN THÔNG QUÂN ĐỘI
A4: BẢNG ƯỚC LƯỢNG NỖ LỰC PHÁT TRIỂN PHẦN MỀM
A7: DỰ ÁN: NỀN TẢNG QUẢN LÝ GÓI THẦU VÀ HỒ SƠ THẦU XUẤT NHẬP KHẨU (MIBID)
C10: Mã dự án / Project Code: | E10: MIBID_XNK_2026
C11: Mã tài liệu / Document Code: | E11: ULNL_MIBID_v1.0
C12: Số lần ước lượng / Estimation Times: | E12: Lần 1 (Giai đoạn MVP Production)
C13: Ngày lập / Created Date: | E13: 2026-09-01
B16: BẢNG KÝ DUYỆT ƯỚC LƯỢNG NỖ LỰC
B17: Vai trò | C17: Họ và tên | D17: Chức vụ | E17: Chữ ký | F17: Ngày ký
B18: Người lập (The establishment) | C18: Kỹ sư Điều phối Hệ thống | D18: Tech Lead / Solution Architect | F18: 2026-09-01
B19: Người kiểm tra (Auditor) | C19: Trưởng ban Phân tích & Thẩm định | D19: QA Manager / PM Lead | F19: 2026-09-01
B20: Người phê duyệt (Approver) | C20: Giám đốc Trung tâm Kỹ nghệ | D20: Head of Engineering / Director | F20: 2026-09-01

Sheet Table recognized documentchange
A2: BẢNG GHI NHẬN THAY ĐỔI TÀI LIỆU ƯỚC LƯỢNG NỖ LỰC
A4: STT | B4: Phiên bản | C4: Ngày thay đổi | D4: Người thực hiện | E4: Nội dung thay đổi | F4: Người phê duyệt
A5: 1 | B5: 1.0 | C5: 2026-09-01 | D5: Kỹ sư Điều phối Hệ thống | E5: Khởi tạo ước lượng nỗ lực toàn diện 5 phân hệ dự án Mibid | F5: Giám đốc Khối Kỹ nghệ

Sheet Defines the type of function
B3: DANH MỤC ĐỊNH NGHĨA MÃ LOẠI CHỨC NĂNG
B5: Function_code | C5: Function_type_name
B6: NVJ1-PTM | C6: Xử lý nghiệp vụ đơn giản phát triển mới (Backend Java)
B7: NVJ2-PTM | C7: Xử lý nghiệp vụ trung bình phát triển mới (Backend Java)
B8: NVJ3-PTM | C8: Xử lý nghiệp vụ phức tạp phát triển mới (Backend Java)
B9: GD_WEB1 | C9: Màn hình Web đơn giản (chỉ UI React)
B10: GD_WEB2 | C10: Màn hình Web trung bình (chỉ UI React)
B11: GD_WEB3 | C11: Màn hình Web phức tạp (chỉ UI React)
B12: CN_WEB_KT | C12: Chức năng kéo thả đồ họa (Kanban Drag & Drop)
B13: BC1 | C13: Thiết kế báo cáo đơn giản
B14: BC2 | C14: Thiết kế báo cáo trung bình
B15: BC3 | C15: Thiết kế báo cáo phức tạp
B16: DM1 | C16: Quản lý danh mục đơn giản
... B19: DP_AGG2 | C19: Batch Job / Tiến trình chạy ngầm định kỳ trung bình

Sheet DB function
B3: CƠ SỞ DỮ LIỆU ĐỊNH MỨC NỖ LỰC VIETTEL (MAN-HOURS)
B5: Mã loại | C5: Công đoạn | D5: Khóa ghép nối | E5: Định mức MH
B6: NVJ1-PTM | C6: Solution | D6: NVJ1-PTMSolution | E6: 4
B7: NVJ1-PTM | C7: Develop | D7: NVJ1-PTMDevelop | E7: 16
B8: NVJ1-PTM | C8: Testing | D8: NVJ1-PTMTesting | E8: 8
B9: NVJ2-PTM | C9: Solution | D9: NVJ2-PTMSolution | E9: 7
B10: NVJ2-PTM | C10: Develop | D10: NVJ2-PTMDevelop | E10: 23
B11: NVJ2-PTM | C11: Testing | D11: NVJ2-PTMTesting | E11: 14
B12: NVJ3-PTM | C12: Solution | D12: NVJ3-PTMSolution | E12: 12
B13: NVJ3-PTM | C13: Develop | D13: NVJ3-PTMDevelop | E13: 30
B14: NVJ3-PTM | C14: Testing | D14: NVJ3-PTMTesting | E14: 23
B15: GD_WEB1 | C15: Solution | D15: GD_WEB1Solution | E15: 3
B16: GD_WEB1 | C16: Develop | D16: GD_WEB1Develop | E16: 8
B17: GD_WEB1 | C17: Testing | D17: GD_WEB1Testing | E17: 15
... B47: DP_AGG2 | C47: Testing | D47: DP_AGG2Testing | E47: 9

Sheet Functional effort
A2: BẢNG TÍNH NỖ LỰC PHÁT TRIỂN CHỨC NĂNG (FUNCTIONAL EFFORT)
A6: STT | B6: Phân hệ | C6: Nhóm chức năng | D6: Tên chức năng chi tiết | E6: Mô tả nghiệp vụ | F6: Solution_MH_Reuse | G6: Develop_MH_Reuse | H6: Testing_MH_Reuse | I6: Total_MH_Reuse | K6: Mã định mức | L6: Tên loại chức năng | M6: Solution_MH_Base | N6: Develop_MH_Base | O6: Testing_MH_Base | P6: Total_MH_Base | Q6: Tỷ lệ tái sử dụng | R6: Nỗ lực tái sử dụng (MH) | S6: Nguồn tái sử dụng | T6: Ghi chú
M7: Solution | N7: Develop | O7: Testing
A8: 1 | B8: Phân hệ 1 | C8: Khách thuê & Thuê bao | D8: Giao diện Web Quản lý Khách thuê Tenants | E8: Màn hình cấu hình khách thuê, tên miền riêng và gói cước | F8: =M8*(1-Q8) | G8: =N8*(1-Q8) | H8: =O8*(1-Q8) | I8: =SUM(F8:H8) | K8: GD_WEB2 | L8: =VLOOKUP(K8,'Defines the type of function'!$B$6:$C$19,2,FALSE) | M8: =VLOOKUP(K8&$M$7,'DB function'!$D$6:$E$47,2,FALSE) | N8: =VLOOKUP(K8&$N$7,'DB function'!$D$6:$E$47,2,FALSE) | O8: =VLOOKUP(K8&$O$7,'DB function'!$D$6:$E$47,2,FALSE) | P8: =SUM(M8:O8) | Q8: 0 | R8: =P8*Q8
A9: 2 | B9: Phân hệ 1 | C9: Khách thuê & Thuê bao | D9: API Quản lý Khách thuê & Gói cước SaaS | E9: Khởi tạo tenant, gán subscription plan và quản lý hạn dùng | F9: =M9*(1-Q9) | G9: =N9*(1-Q9) | H9: =O9*(1-Q9) | I9: =SUM(F9:H9) | K9: NVJ2-PTM | L9: =VLOOKUP(K9,'Defines the type of function'!$B$6:$C$19,2,FALSE) | M9: =VLOOKUP(K9&$M$7,'DB function'!$D$6:$E$47,2,FALSE) | N9: =VLOOKUP(K9&$N$7,'DB function'!$D$6:$E$47,2,FALSE) | O9: =VLOOKUP(K9&$O$7,'DB function'!$D$6:$E$47,2,FALSE) | P9: =SUM(M9:O9) | Q9: 0 | R9: =P9*Q9
A10: 3 | B10: Phân hệ 1 | C10: IAM & Người dùng | D10: Giao diện Quản lý Người dùng & Vai trò | E10: Màn hình danh sách nhân viên, gán vai trò RBAC và ABAC | F10: =M10*(1-Q10) | G10: =N10*(1-Q10) | H10: =O10*(1-Q10) | I10: =SUM(F10:H10) | K10: GD_WEB2 | L10: =VLOOKUP(K10,'Defines the type of function'!$B$6:$C$19,2,FALSE) | M10: =VLOOKUP(K10&$M$7,'DB function'!$D$6:$E$47,2,FALSE) | N10: =VLOOKUP(K10&$N$7,'DB function'!$D$6:$E$47,2,FALSE) | O10: =VLOOKUP(K10&$O$7,'DB function'!$D$6:$E$47,2,FALSE) | P10: =SUM(M10:O10) | Q10: 0 | R10: =P10*Q10
A11: 4 | B11: Phân hệ 1 | C11: IAM & Người dùng | D11: API Xác thực JWT & Phân quyền lai | E11: Đăng nhập, sinh Access/Refresh Token, phân quyền theo tenant | F11: =M11*(1-Q11) | G11: =N11*(1-Q11) | H11: =O11*(1-Q11) | I11: =SUM(F11:H11) | K11: NVJ2-PTM | L11: =VLOOKUP(K11,'Defines the type of function'!$B$6:$C$19,2,FALSE) | M11: =VLOOKUP(K11&$M$7,'DB function'!$D$6:$E$47,2,FALSE) | N11: =VLOOKUP(K11&$N$7,'DB function'!$D$6:$E$47,2,FALSE) | O11: =VLOOKUP(K11&$O$7,'DB function'!$D$6:$E$47,2,FALSE) | P11: =SUM(M11:O11) | Q11: 0.1 | R11: =P11*Q11 | S11: Nền tảng Mibid Core
A12: 5 | B12: Phân hệ 1 | C12: Kho Tài liệu DMS | D12: Giao diện Kho Chứng từ Dự án | E12: Cây thư mục phân loại chứng từ, upload kéo thả file | F12: =M12*(1-Q12) | G12: =N12*(1-Q12) | H12: =O12*(1-Q12) | I12: =SUM(F12:H12) | K12: GD_WEB2 | L12: =VLOOKUP(K12,'Defines the type of function'!$B$6:$C$19,2,FALSE) | M12: =VLOOKUP(K12&$M$7,'DB function'!$D$6:$E$47,2,FALSE) | N12: =VLOOKUP(K12&$N$7,'DB function'!$D$6:$E$47,2,FALSE) | O12: =VLOOKUP(K12&$O$7,'DB function'!$D$6:$E$47,2,FALSE) | P12: =SUM(M12:O12) | Q12: 0 | R12: =P12*Q12
A13: 6 | B13: Phân hệ 1 | C13: Kho Tài liệu DMS | D13: API DMS Pre-signed URL S3 & Phê duyệt | E13: Tạo URL ký số S3, quy trình phê duyệt tài liệu và versioning | F13: =M13*(1-Q13) | G13: =N13*(1-Q13) | H13: =O13*(1-Q13) | I13: =SUM(F13:H13) | K13: NVJ3-PTM | L13: =VLOOKUP(K13,'Defines the type of function'!$B$6:$C$19,2,FALSE) | M13: =VLOOKUP(K13&$M$7,'DB function'!$D$6:$E$47,2,FALSE) | N13: =VLOOKUP(K13&$N$7,'DB function'!$D$6:$E$47,2,FALSE) | O13: =VLOOKUP(K13&$O$7,'DB function'!$D$6:$E$47,2,FALSE) | P13: =SUM(M13:O13) | Q13: 0 | R13: =P13*Q13
A14: 7 | B14: Phân hệ 2 | C14: Quy trình Động | D14: Giao diện Thiết lập Mẫu Quy trình Workflow | E14: Cấu hình danh sách bước và quy tắc tài liệu yêu cầu | F14: =M14*(1-Q14) | G14: =N14*(1-Q14) | H14: =O14*(1-Q14) | I14: =SUM(F14:H14) | K14: GD_WEB2 | L14: =VLOOKUP(K14,'Defines the type of function'!$B$6:$C$19,2,FALSE) | M14: =VLOOKUP(K14&$M$7,'DB function'!$D$6:$E$47,2,FALSE) | N14: =VLOOKUP(K14&$N$7,'DB function'!$D$6:$E$47,2,FALSE) | O14: =VLOOKUP(K14&$O$7,'DB function'!$D$6:$E$47,2,FALSE) | P14: =SUM(M14:O14) | Q14: 0 | R14: =P14*Q14
A15: 8 | B15: Phân hệ 2 | C15: Quy trình Động | D15: Bảng Kanban Kéo Thả Trực Quan | E15: Giao diện Kanban kéo thẻ dự án, kiểm tra vi phạm chốt chặn | F15: =M15*(1-Q15) | G15: =N15*(1-Q15) | H15: =O15*(1-Q15) | I15: =SUM(F15:H15) | K15: CN_WEB_KT | L15: =VLOOKUP(K15,'Defines the type of function'!$B$6:$C$19,2,FALSE) | M15: =VLOOKUP(K15&$M$7,'DB function'!$D$6:$E$47,2,FALSE) | N15: =VLOOKUP(K15&$N$7,'DB function'!$D$6:$E$47,2,FALSE) | O15: =VLOOKUP(K15&$O$7,'DB function'!$D$6:$E$47,2,FALSE) | P15: =SUM(M15:O15) | Q15: 0 | R15: =P15*Q15
A16: 9 | B16: Phân hệ 2 | C16: Gatekeeper | D16: Engine Chốt chặn Transition Gatekeeper | E16: Xử lý Hard Stop, Soft Warning, Manager Bypass và Lock | F16: =M16*(1-Q16) | G16: =N16*(1-Q16) | H16: =O16*(1-Q16) | I16: =SUM(F16:H16) | K16: NVJ3-PTM | L16: =VLOOKUP(K16,'Defines the type of function'!$B$6:$C$19,2,FALSE) | M16: =VLOOKUP(K16&$M$7,'DB function'!$D$6:$E$47,2,FALSE) | N16: =VLOOKUP(K16&$N$7,'DB function'!$D$6:$E$47,2,FALSE) | O16: =VLOOKUP(K16&$O$7,'DB function'!$D$6:$E$47,2,FALSE) | P16: =SUM(M16:O16) | Q16: 0 | R16: =P16*Q16
A17: 10 | B17: Phân hệ 2 | C17: Audit Log & Trao đổi | D17: Giao diện & API Nhật ký Kiểm toán Chuyển bước | E17: Ghi vết timeline chuyển bước và thảo luận nội bộ | F17: =M17*(1-Q17) | G17: =N17*(1-Q17) | H17: =O17*(1-Q17) | I17: =SUM(F17:H17) | K17: NVJ1-PTM | L17: =VLOOKUP(K17,'Defines the type of function'!$B$6:$C$19,2,FALSE) | M17: =VLOOKUP(K17&$M$7,'DB function'!$D$6:$E$47,2,FALSE) | N17: =VLOOKUP(K17&$N$7,'DB function'!$D$6:$E$47,2,FALSE) | O17: =VLOOKUP(K17&$O$7,'DB function'!$D$6:$E$47,2,FALSE) | P17: =SUM(M17:O17) | Q17: 0 | R17: =P17*Q17
A18: 11 | B18: Phân hệ 3 | C18: Yêu cầu Báo giá | D18: Giao diện Lập Yêu cầu Báo giá RFQ | E18: Biểu mẫu bóc tách danh mục dòng hàng, HS Code, Incoterms | F18: =M18*(1-Q18) | G18: =N18*(1-Q18) | H18: =O18*(1-Q18) | I18: =SUM(F18:H18) | K18: GD_WEB3 | L18: =VLOOKUP(K18,'Defines the type of function'!$B$6:$C$19,2,FALSE) | M18: =VLOOKUP(K18&$M$7,'DB function'!$D$6:$E$47,2,FALSE) | N18: =VLOOKUP(K18&$N$7,'DB function'!$D$6:$E$47,2,FALSE) | O18: =VLOOKUP(K18&$O$7,'DB function'!$D$6:$E$47,2,FALSE) | P18: =SUM(M18:O18) | Q18: 0 | R18: =P18*Q18
A19: 12 | B19: Phân hệ 3 | C19: Yêu cầu Báo giá | D19: API Quản lý RFQ & Bóc tách Dòng hàng | E19: Lưu trữ RFQ, line items và tự động sinh Magic Link | F19: =M19*(1-Q19) | G19: =N19*(1-Q19) | H19: =O19*(1-Q19) | I19: =SUM(F19:H19) | K19: NVJ2-PTM | L19: =VLOOKUP(K19,'Defines the type of function'!$B$6:$C$19,2,FALSE) | M19: =VLOOKUP(K19&$M$7,'DB function'!$D$6:$E$47,2,FALSE) | N19: =VLOOKUP(K19&$N$7,'DB function'!$D$6:$E$47,2,FALSE) | O19: =VLOOKUP(K19&$O$7,'DB function'!$D$6:$E$47,2,FALSE) | P19: =SUM(M19:O19) | Q19: 0 | R19: =P19*Q19
A20: 13 | B20: Phân hệ 3 | C20: Cổng Magic Link | D20: Cổng Web Đối tác Nộp Báo giá Không Đăng nhập | E20: Giao diện Web Mobile nhập PIN 4 số, điền đơn giá và upload catalog | F20: =M20*(1-Q20) | G20: =N20*(1-Q20) | H20: =O20*(1-Q20) | I20: =SUM(F20:H20) | K20: GD_WEB2 | L20: =VLOOKUP(K20,'Defines the type of function'!$B$6:$C$19,2,FALSE) | M20: =VLOOKUP(K20&$M$7,'DB function'!$D$6:$E$47,2,FALSE) | N20: =VLOOKUP(K20&$N$7,'DB function'!$D$6:$E$47,2,FALSE) | O20: =VLOOKUP(K20&$O$7,'DB function'!$D$6:$E$47,2,FALSE) | P20: =SUM(M20:O20) | Q20: 0 | R20: =P20*Q20
A21: 14 | B21: Phân hệ 3 | C21: Cổng Magic Link | D21: Engine Cấp phát & Xác thực Magic Link Token | E21: Sinh JWT Token có chữ ký bảo mật, chống lặp nộp báo giá | F21: =M21*(1-Q21) | G21: =N21*(1-Q21) | H21: =O21*(1-Q21) | I21: =SUM(F21:H21) | K21: NVJ2-PTM | L21: =VLOOKUP(K21,'Defines the type of function'!$B$6:$C$19,2,FALSE) | M21: =VLOOKUP(K21&$M$7,'DB function'!$D$6:$E$47,2,FALSE) | N21: =VLOOKUP(K21&$N$7,'DB function'!$D$6:$E$47,2,FALSE) | O21: =VLOOKUP(K21&$O$7,'DB function'!$D$6:$E$47,2,FALSE) | P21: =SUM(M21:O21) | Q21: 0 | R21: =P21*Q21
A22: 15 | B22: Phân hệ 3 | C22: So sánh Báo giá | D22: Bảng Ma Trận So Sánh Báo Giá Đa Ngoại Tệ | E22: Giao diện lưới ma trận, quy đổi ngoại tệ về tiền tệ cơ sở | F22: =M22*(1-Q22) | G22: =N22*(1-Q22) | H22: =O22*(1-Q22) | I22: =SUM(F22:H22) | K22: GD_WEB3 | L22: =VLOOKUP(K22,'Defines the type of function'!$B$6:$C$19,2,FALSE) | M22: =VLOOKUP(K22&$M$7,'DB function'!$D$6:$E$47,2,FALSE) | N22: =VLOOKUP(K22&$N$7,'DB function'!$D$6:$E$47,2,FALSE) | O22: =VLOOKUP(K22&$O$7,'DB function'!$D$6:$E$47,2,FALSE) | P22: =SUM(M22:O22) | Q22: 0 | R22: =P22*Q22
A23: 16 | B23: Phân hệ 3 | C23: So sánh Báo giá | D23: API Ma Trận Quy Đổi Tỷ Giá & Phê Duyệt Giá Vốn | E23: Tính toán giá rẻ nhất từng dòng và phê duyệt chọn Vendor | F23: =M23*(1-Q23) | G23: =N23*(1-Q23) | H23: =O23*(1-Q23) | I23: =SUM(F23:H23) | K23: NVJ3-PTM | L23: =VLOOKUP(K23,'Defines the type of function'!$B$6:$C$19,2,FALSE) | M23: =VLOOKUP(K23&$M$7,'DB function'!$D$6:$E$47,2,FALSE) | N23: =VLOOKUP(K23&$N$7,'DB function'!$D$6:$E$47,2,FALSE) | O23: =VLOOKUP(K23&$O$7,'DB function'!$D$6:$E$47,2,FALSE) | P23: =SUM(M23:O23) | Q23: 0 | R23: =P23*Q23
... A31: 24 | B31: Phân hệ 5 | C31: Báo cáo BI | D31: Báo cáo Phân tích Điểm nghẽn Chu trình (Bottleneck) | E31: Biểu đồ thời gian chu kỳ nằm lại ở từng bước so với SLA | F31: =M31*(1-Q31) | G31: =N31*(1-Q31) | H31: =O31*(1-Q31) | I31: =SUM(F31:H31) | K31: BC3 | L31: =VLOOKUP(K31,'Defines the type of function'!$B$6:$C$19,2,FALSE) | M31: =VLOOKUP(K31&$M$7,'DB function'!$D$6:$E$47,2,FALSE) | N31: =VLOOKUP(K31&$N$7,'DB function'!$D$6:$E$47,2,FALSE) | O31: =VLOOKUP(K31&$O$7,'DB function'!$D$6:$E$47,2,FALSE) | P31: =SUM(M31:O31) | Q31: 0 | R31: =P31*Q31
D32: TỔNG CỘNG NỖ LỰC CHỨC NĂNG (MAN-HOURS): | F32: =SUM(F8:F31) | G32: =SUM(G8:G31) | H32: =SUM(H8:H31) | I32: =SUM(I8:I31) | P32: =SUM(P8:P31) | R32: =SUM(R8:R31)

Sheet General effort
A2: BẢNG TỔNG HỢP NỖ LỰC DỰ ÁN TOÀN TRÌNH (GENERAL EFFORT)
A4: STT | B4: Hạng mục công việc / Vai trò | C4: Tỷ lệ tham chiếu (%) | D4: Nỗ lực (Man-Hours) | E4: Nỗ lực (Man-Days) | F4: Nỗ lực (Man-Months) | G4: Ghi chú
A5: 1 | B5: Nỗ lực Phát triển Chức năng (Functional Effort) | C5: - | D5: ='Functional effort'!I32 | E5: =D5/8 | F5: =D5/176 | G5: Nỗ lực cốt lõi theo định mức Viettel
A6: 2 | B6: Quản trị Dự án (Project Management - PM) | C6: 10% | D6: =D5*0.1 | E6: =D6/8 | F6: =D6/176 | G6: Quản lý tiến độ, nguồn lực, họp tuần
A7: 3 | B7: Bảo đảm Chất lượng & Kiểm thử UAT (QA/QC) | C7: 15% | D7: =D5*0.15 | E7: =D7/8 | F7: =D7/176 | G7: Xây dựng kịch bản UAT, giám sát chất lượng
A8: 4 | B8: Kỹ sư Kiến trúc & Điều phối (Solution Architect / Tech Lead) | C8: 12% | D8: =D5*0.12 | E8: =D8/8 | F8: =D8/176 | G8: Thiết kế HLD/LLD, rà soát mã nguồn
A9: 5 | B9: Hạ tầng & Đóng gói Triển khai (DevOps / SecOps) | C9: 8% | D9: =D5*0.08 | E9: =D9/8 | F9: =D9/176 | G9: CI/CD Pipeline, Kubernetes, Giám sát APM
B10: TỔNG NỖ LỰC TOÀN TRÌNH DỰ ÁN MIBID: | D10: =SUM(D5:D9) | E10: =SUM(E5:E9) | F10: =SUM(F5:F9)
