Workbook

Sheet Dashboard
A2: BẢNG ĐIỀU KHIỂN TỔNG HỢP KẾT QUẢ NGHIỆM THU NGƯỜI DÙNG (UAT DASHBOARD)
A5: STT | B5: Phân hệ kiểm thử | C5: Sheet chi tiết | D5: Số TC Đạt (P) | E5: Số TC Không Đạt (F) | F5: Số TC Đang xem xét (PE) | G5: Số TC Chưa làm | H5: Tổng TC | I5: Tỷ lệ Đạt (%)
A6: 1 | B6: Phân hệ 1: SaaS Multi-tenant, IAM & Kho Tài liệu Số DMS | C6: SaaS_IAM_DMS | D6: ='SaaS_IAM_DMS'!F4 | E6: ='SaaS_IAM_DMS'!F5 | F6: ='SaaS_IAM_DMS'!F6 | G6: ='SaaS_IAM_DMS'!F7 | H6: ='SaaS_IAM_DMS'!F8 | I6: =ROUND((D6/H6)*100, 2)
A7: 2 | B7: Phân hệ 2: Workflow Engine & Chốt chặn Transition Gatekeeper | C7: Workflow_Gatekeeper | D7: ='Workflow_Gatekeeper'!F4 | E7: ='Workflow_Gatekeeper'!F5 | F7: ='Workflow_Gatekeeper'!F6 | G7: ='Workflow_Gatekeeper'!F7 | H7: ='Workflow_Gatekeeper'!F8 | I7: =ROUND((D7/H7)*100, 2)
A8: 3 | B8: Phân hệ 3: Mua hàng, Báo giá & Cổng Không chạm Magic Link | C8: Sourcing_MagicLink | D8: ='Sourcing_MagicLink'!F4 | E8: ='Sourcing_MagicLink'!F5 | F8: ='Sourcing_MagicLink'!F6 | G8: ='Sourcing_MagicLink'!F7 | H8: ='Sourcing_MagicLink'!F8 | I8: =ROUND((D8/H8)*100, 2)
A9: 4 | B9: Phân hệ 4: Quản trị Công việc Vi mô & Hồ sơ Dự thầu | C9: Bidding_Tasks | D9: ='Bidding_Tasks'!F4 | E9: ='Bidding_Tasks'!F5 | F9: ='Bidding_Tasks'!F6 | G9: ='Bidding_Tasks'!F7 | H9: ='Bidding_Tasks'!F8 | I9: =ROUND((D9/H9)*100, 2)
A10: 5 | B10: Phân hệ 5: Theo dõi Lô hàng Logistics & Báo cáo Phân tích BI | C10: Logistics_Analytics | D10: ='Logistics_Analytics'!F4 | E10: ='Logistics_Analytics'!F5 | F10: ='Logistics_Analytics'!F6 | G10: ='Logistics_Analytics'!F7 | H10: ='Logistics_Analytics'!F8 | I10: =ROUND((D10/H10)*100, 2)
B11: TỔNG HỢP TOÀN DỰ ÁN MIBID: | D11: =SUM(D6:D10) | E11: =SUM(E6:E10) | F11: =SUM(F6:F10) | G11: =SUM(G6:G10) | H11: =SUM(H6:H10) | I11: =ROUND((D11/H11)*100, 2)

Sheet SaaS_IAM_DMS
A2: KỊCH BẢN KIỂM THỬ NGHIỆM THU NGƯỜI DÙNG (UAT TEST CASES) | E2: Phân hệ kiểm thử: | F2: Phân hệ 1: SaaS Multi-tenant, IAM & Kho Tài liệu Số DMS
E4: Số TC đạt (P): | F4: =COUNTIF(J11:J17,"P")
E5: Số TC không đạt (F): | F5: =COUNTIF(J11:J17,"F")
E6: Số TC đang xem xét (PE): | F6: =COUNTIF(J11:J17,"PE")
E7: Số TC chưa thực hiện: | F7: =COUNTBLANK(J11:J17)
E8: Tổng số test cases: | F8: =COUNTA(B11:B17)
A10: STT | B10: Mã chức năng | C10: Tên kịch bản kiểm thử | D10: Điều kiện tiên quyết | E10: Các bước thực hiện | F10: Dữ liệu đầu vào | G10: Kết quả mong muốn | H10: Kết quả thực tế | I10: Trạng thái | J10: Ghi chú
A11: 1 | B11: F-1.1 | C11: Khởi tạo doanh nghiệp khách thuê mới hợp lệ | D11: Đăng nhập quyền System Admin | E11: Nhập tên công ty, tên miền định danh 'hoanggia', chọn gói Enterprise và bấm Lưu | F11: Dữ liệu mẫu Mibid | G11: Tạo mới thành công bản ghi tenant, gán gói cước và kích hoạt trạng thái ACTIVE | H11: Tạo mới thành công bản ghi tenant, gán gói cước và kích hoạt trạng thái ACTIVE | I11: P
A12: 2 | B12: F-1.1 | C12: Báo lỗi khi trùng lặp tên miền định danh tenant | D12: Đã có tenant 'hoanggia' | E12: Nhập lại tên miền 'hoanggia' cho công ty thứ 2 | F12: Dữ liệu mẫu Mibid | G12: Hệ thống báo lỗi 409 Conflict: 'Tên miền đã được sử dụng' | H12: Hệ thống báo lỗi 409 Conflict: 'Tên miền đã được sử dụng' | I12: P
A13: 3 | B13: F-1.2 | C13: Thêm nhân sự mới và gán vai trò toàn cục | D13: Tài khoản Manager đăng nhập | E13: Nhập email 'purchaser@hoanggia.vn', chọn vai trò Staff và bấm Tạo | F13: Dữ liệu mẫu Mibid | G13: Lưu người dùng mới, tự động gửi email kích hoạt và tạo mật khẩu | H13: Lưu người dùng mới, tự động gửi email kích hoạt và tạo mật khẩu | I13: P
A14: 4 | B14: F-1.2 | C14: Tự động khóa tài khoản khi nhập sai mật khẩu 5 lần | D14: Tài khoản nhân viên | E14: Nhập sai mật khẩu 5 lần liên tiếp | F14: Dữ liệu mẫu Mibid | G14: Tài khoản chuyển sang trạng thái tạm khóa trong 15 phút, báo lỗi 403 | H14: Tài khoản chuyển sang trạng thái tạm khóa trong 15 phút, báo lỗi 403 | I14: P
A15: 5 | B15: F-1.3 | C15: Tải tệp chứng từ lên kho DMS qua S3 Pre-signed URL | D15: Đã tạo dự án | E15: Kéo thả file PDF Giấy phép kinh doanh (4.2 MB) vào vùng upload | F15: Dữ liệu mẫu Mibid | G15: Nhận Pre-signed URL từ backend, tải trực tiếp lên S3 trong 1.2s và lưu bản ghi PENDING | H15: Nhận Pre-signed URL từ backend, tải trực tiếp lên S3 trong 1.2s và lưu bản ghi PENDING | I15: P
A16: 6 | B16: F-1.4 | C16: Cấp quản lý phê duyệt chứng từ hợp lệ | D16: Có file trạng thái PENDING | E16: Manager mở xem trước PDF và bấm 'Phê duyệt' | F16: Dữ liệu mẫu Mibid | G16: Tài liệu chuyển trạng thái APPROVED, ghi nhận audit log và tên người duyệt | H16: Tài liệu chuyển trạng thái APPROVED, ghi nhận audit log và tên người duyệt | I16: P
A17: 7 | B17: F-1.4 | C17: Từ chối chứng từ bắt buộc phải nhập lý do | D17: Có file trạng thái PENDING | E17: Bấm 'Từ chối' nhưng để trống ô lý do | F17: Dữ liệu mẫu Mibid | G17: Hệ thống chặn không cho gửi, hiển thị thông báo 'Bắt buộc nhập lý do từ chối' | H17: Hệ thống chặn không cho gửi, hiển thị thông báo 'Bắt buộc nhập lý do từ chối' | I17: P

Sheet Workflow_Gatekeeper
A2: KỊCH BẢN KIỂM THỬ NGHIỆM THU NGƯỜI DÙNG (UAT TEST CASES) | E2: Phân hệ kiểm thử: | F2: Phân hệ 2: Workflow Engine & Chốt chặn Transition Gatekeeper
E4: Số TC đạt (P): | F4: =COUNTIF(J11:J16,"P")
E5: Số TC không đạt (F): | F5: =COUNTIF(J11:J16,"F")
E6: Số TC đang xem xét (PE): | F6: =COUNTIF(J11:J16,"PE")
E7: Số TC chưa thực hiện: | F7: =COUNTBLANK(J11:J16)
E8: Tổng số test cases: | F8: =COUNTA(B11:B16)
A10: STT | B10: Mã chức năng | C10: Tên kịch bản kiểm thử | D10: Điều kiện tiên quyết | E10: Các bước thực hiện | F10: Dữ liệu đầu vào | G10: Kết quả mong muốn | H10: Kết quả thực tế | I10: Trạng thái | J10: Ghi chú
A11: 1 | B11: F-2.1 | C11: Cấu hình bước quy trình và gán chứng từ bắt buộc | D11: Admin đăng nhập | E11: Thêm bước 'Hỏi giá vốn', tick chọn yêu cầu 'CO/CQ' và bật Chặn cứng | F11: Dữ liệu mẫu Mibid | G11: Lưu thành công quy tắc stage_doc_rules với is_hard_stop = TRUE | H11: Lưu thành công quy tắc stage_doc_rules với is_hard_stop = TRUE | I11: P
A12: 2 | B12: F-2.2 | C12: Kéo thẻ dự án sang bước tiếp theo khi đủ hồ sơ | D12: Dự án đã đủ chứng từ | E12: Kéo thẻ từ Cột Chuẩn bị sang Cột Hỏi giá vốn | F12: Dữ liệu mẫu Mibid | G12: Thẻ di chuyển mượt mà sang cột mới, cập nhật CSDL và ghi log chuyển bước | H12: Thẻ di chuyển mượt mà sang cột mới, cập nhật CSDL và ghi log chuyển bước | I12: P
A13: 3 | B13: F-2.3 | C13: Chốt chặn Hard Stop chặn đứng kéo thẻ khi thiếu chứng từ | D13: Dự án chưa có CO/CQ | E13: Kéo thẻ dự án sang Cột Hỏi giá vốn | F13: Dữ liệu mẫu Mibid | G13: Thẻ rung lắc giật lùi về cột cũ, bật popup đỏ thông báo vi phạm Gatekeeper | H13: Thẻ rung lắc giật lùi về cột cũ, bật popup đỏ thông báo vi phạm Gatekeeper | I13: P
A14: 4 | B14: F-2.3 | C14: Chốt chặn Cảnh báo mềm Soft Warning cho phép đi tiếp | D14: Thiếu chứng từ soft | E14: Kéo thẻ dự án sang bước kế tiếp | F14: Dữ liệu mẫu Mibid | G14: Hiển thị popup cảnh báo vàng, bấm 'Vẫn tiếp tục' thì cho phép chuyển bước | H14: Hiển thị popup cảnh báo vàng, bấm 'Vẫn tiếp tục' thì cho phép chuyển bước | I14: P
A15: 5 | B15: F-2.3 | C15: Khóa phân tán ngăn 2 người kéo thẻ đồng thời | D15: 2 nhân viên cùng mở | E15: Nhân viên A và B cùng kéo 1 thẻ sang 2 cột khác nhau trong cùng 1 giây | F15: Dữ liệu mẫu Mibid | G15: Nhân viên A thành công, nhân viên B nhận thông báo xung đột dữ liệu 423 | H15: Nhân viên A thành công, nhân viên B nhận thông báo xung đột dữ liệu 423 | I15: P
A16: 6 | B16: F-2.4 | C16: Xem nhật ký kiểm toán dòng thời gian chuyển bước | D16: Dự án đã qua 3 bước | E16: Mở Tab 'Nhật ký & Thảo luận' | F16: Dữ liệu mẫu Mibid | G16: Hiển thị đầy đủ timeline: thời điểm, người chuyển, bước đi, bước đến | H16: Hiển thị đầy đủ timeline: thời điểm, người chuyển, bước đi, bước đến | I16: P

Sheet Sourcing_MagicLink
A2: KỊCH BẢN KIỂM THỬ NGHIỆM THU NGƯỜI DÙNG (UAT TEST CASES) | E2: Phân hệ kiểm thử: | F2: Phân hệ 3: Mua hàng, Báo giá & Cổng Không chạm Magic Link
E4: Số TC đạt (P): | F4: =COUNTIF(J11:J17,"P")
E5: Số TC không đạt (F): | F5: =COUNTIF(J11:J17,"F")
E6: Số TC đang xem xét (PE): | F6: =COUNTIF(J11:J17,"PE")
E7: Số TC chưa thực hiện: | F7: =COUNTBLANK(J11:J17)
E8: Tổng số test cases: | F8: =COUNTA(B11:B17)
A10: STT | B10: Mã chức năng | C10: Tên kịch bản kiểm thử | D10: Điều kiện tiên quyết | E10: Các bước thực hiện | F10: Dữ liệu đầu vào | G10: Kết quả mong muốn | H10: Kết quả thực tế | I10: Trạng thái | J10: Ghi chú
A11: 1 | B11: F-3.1 | C11: Lập yêu cầu báo giá RFQ bóc tách dòng hàng | D11: Dự án đang mở | E11: Tạo RFQ gồm 3 dòng hàng, nhập mã HS Code, Incoterms FOB Hải Phòng | F11: Dữ liệu mẫu Mibid | G11: Lưu bản ghi RFQ và 3 rfq_line_items thành công | H11: Lưu bản ghi RFQ và 3 rfq_line_items thành công | I11: P
A12: 2 | B12: F-3.2 | C12: Phát hành Magic Link mã hóa JWT và gửi mã PIN | D12: RFQ ở trạng thái DRAFT | E12: Chọn 3 nhà cung cấp và bấm 'Phát hành & Gửi Link' | F12: Dữ liệu mẫu Mibid | G12: Sinh 3 JWT token duy nhất, gửi 3 email kèm mã PIN 4 số riêng biệt | H12: Sinh 3 JWT token duy nhất, gửi 3 email kèm mã PIN 4 số riêng biệt | I12: P
A13: 3 | B13: F-3.3 | C13: Đối tác mở Magic Link trên điện thoại và xác thực PIN | D13: Vendor nhận email | E13: Nhấp link từ email, nhập mã PIN 4 số trên web mobile | F13: Dữ liệu mẫu Mibid | G13: Xác thực thành công, hiển thị form báo giá danh mục hàng trong 400ms | H13: Xác thực thành công, hiển thị form báo giá danh mục hàng trong 400ms | I13: P
A14: 4 | B14: F-3.3 | C14: Đối tác điền đơn giá và nộp báo giá thành công | D14: Đang ở form nộp giá | E14: Điền đơn giá USD cho 3 món, upload file PDF catalog và bấm Submit | F14: Dữ liệu mẫu Mibid | G14: Lưu báo giá vào bảng quotations, đổi trạng thái token thành USED | H14: Lưu báo giá vào bảng quotations, đổi trạng thái token thành USED | I14: P
A15: 5 | B15: F-3.3 | C15: Ngăn chặn nộp lại báo giá khi Magic Link đã dùng | D15: Token đã status = USED | E15: Vendor nhấp lại link cũ và bấm gửi | F15: Dữ liệu mẫu Mibid | G15: Hệ thống báo lỗi 409 Conflict: 'Liên kết báo giá này đã được sử dụng' | H15: Hệ thống báo lỗi 409 Conflict: 'Liên kết báo giá này đã được sử dụng' | I15: P
A16: 6 | B16: F-3.4 | C16: Ma trận so sánh tự động quy đổi ngoại tệ về VND | D16: Đã nhận 3 báo giá | E16: Mở Tab 'Ma trận So sánh' với tỷ giá 25.400 VND/USD | F16: Dữ liệu mẫu Mibid | G16: Quy đổi toàn bộ đơn giá về VND, tô xanh lá nổi bật dòng giá thấp nhất | H16: Quy đổi toàn bộ đơn giá về VND, tô xanh lá nổi bật dòng giá thấp nhất | I16: P
A17: 7 | B17: F-3.4 | C17: Phê duyệt Vendor chiến thắng và đóng RFQ | D17: Đang xem ma trận | E17: Bấm 'Phê duyệt Vendor B' | F17: Dữ liệu mẫu Mibid | G17: Vendor B chuyển APPROVED, các Vendor khác thành REJECTED, RFQ đổi CLOSED | H17: Vendor B chuyển APPROVED, các Vendor khác thành REJECTED, RFQ đổi CLOSED | I17: P

Sheet Bidding_Tasks
A2: KỊCH BẢN KIỂM THỬ NGHIỆM THU NGƯỜI DÙNG (UAT TEST CASES) | E2: Phân hệ kiểm thử: | F2: Phân hệ 4: Quản trị Công việc Vi mô & Hồ sơ Dự thầu
E4: Số TC đạt (P): | F4: =COUNTIF(J11:J13,"P")
E5: Số TC không đạt (F): | F5: =COUNTIF(J11:J13,"F")
E6: Số TC đang xem xét (PE): | F6: =COUNTIF(J11:J13,"PE")
E7: Số TC chưa thực hiện: | F7: =COUNTBLANK(J11:J13)
E8: Tổng số test cases: | F8: =COUNTA(B11:B13)
A10: STT | B10: Mã chức năng | C10: Tên kịch bản kiểm thử | D10: Điều kiện tiên quyết | E10: Các bước thực hiện | F10: Dữ liệu đầu vào | G10: Kết quả mong muốn | H10: Kết quả thực tế | I10: Trạng thái | J10: Ghi chú
A11: 1 | B11: F-4.1 | C11: Tự động sinh danh mục công việc khi chuyển bước | D11: Dự án chuyển bước mới | E11: Kéo thẻ dự án sang bước 'Nộp thầu' | F11: Dữ liệu mẫu Mibid | G11: Tự động sinh 3 task vi mô, gán đích danh cho Sales Exec theo hạn SLA | H11: Tự động sinh 3 task vi mô, gán đích danh cho Sales Exec theo hạn SLA | I11: P
A12: 2 | B12: F-4.2 | C12: Cập nhật tiến độ hoàn thành công việc | D12: Nhân viên được giao việc | E12: Chọn công việc 'Chuẩn bị bảo lãnh dự thầu' -> bấm 'Đã xong' | F12: Dữ liệu mẫu Mibid | G12: Trạng thái công việc chuyển sang DONE, ghi nhận thời gian hoàn thành | H12: Trạng thái công việc chuyển sang DONE, ghi nhận thời gian hoàn thành | I12: P
A13: 3 | B13: F-4.3 | C13: Lắp ráp hồ sơ thầu và tải gói ZIP hoàn chỉnh | D13: Hồ sơ thầu đầy đủ | E13: Chọn 5 tài liệu hợp lệ và bấm 'Đóng gói Hồ sơ' | F13: Dữ liệu mẫu Mibid | G13: Tạo tệp ZIP nén có chèn mục lục tự động, cung cấp link tải về máy | H13: Tạo tệp ZIP nén có chèn mục lục tự động, cung cấp link tải về máy | I13: P

Sheet Logistics_Analytics
A2: KỊCH BẢN KIỂM THỬ NGHIỆM THU NGƯỜI DÙNG (UAT TEST CASES) | E2: Phân hệ kiểm thử: | F2: Phân hệ 5: Theo dõi Lô hàng Logistics & Báo cáo Phân tích BI
E4: Số TC đạt (P): | F4: =COUNTIF(J11:J14,"P")
E5: Số TC không đạt (F): | F5: =COUNTIF(J11:J14,"F")
E6: Số TC đang xem xét (PE): | F6: =COUNTIF(J11:J14,"PE")
E7: Số TC chưa thực hiện: | F7: =COUNTBLANK(J11:J14)
E8: Tổng số test cases: | F8: =COUNTA(B11:B14)
A10: STT | B10: Mã chức năng | C10: Tên kịch bản kiểm thử | D10: Điều kiện tiên quyết | E10: Các bước thực hiện | F10: Dữ liệu đầu vào | G10: Kết quả mong muốn | H10: Kết quả thực tế | I10: Trạng thái | J10: Ghi chú
A11: 1 | B11: F-5.1 | C11: Khởi tạo thông tin vận đơn BL và phụ phí vận chuyển | D11: Dự án trúng thầu | E11: Nhập mã vận đơn SITV123456, hãng tàu SITC, cảng Shanghai -> Cat Lai | F11: Dữ liệu mẫu Mibid | G11: Lưu thành công lô hàng và bảng kê chi phí vận tải | H11: Lưu thành công lô hàng và bảng kê chi phí vận tải | I11: P
A12: 2 | B12: F-5.2 | C12: Tiến trình chạy ngầm quét mốc giao nhận lúc 8:00 AM | D12: Có mốc ETA quá hạn | E12: Kích hoạt Batch Job định kỳ 8:00 AM (mô phỏng) | F12: Dữ liệu mẫu Mibid | G12: Bắn thông báo cảnh báo đỏ 'Lô hàng trễ tiến độ' tới chuyên viên vận hành | H12: Bắn thông báo cảnh báo đỏ 'Lô hàng trễ tiến độ' tới chuyên viên vận hành | I12: P
A13: 3 | B13: F-5.3 | C13: Trích xuất báo cáo tỷ lệ trúng thầu Win/Loss | D13: Manager đăng nhập | E13: Mở báo cáo Win/Loss lọc 6 tháng đầu năm | F13: Dữ liệu mẫu Mibid | G13: Vẽ biểu đồ tròn tỷ lệ trúng thầu 62% và phân tích lý do trượt | H13: Vẽ biểu đồ tròn tỷ lệ trúng thầu 62% và phân tích lý do trượt | I13: P
A14: 4 | B14: F-5.4 | C14: Phân tích điểm nghẽn chu trình nằm lại ở các bước | D14: Manager đăng nhập | E14: Mở báo cáo Bottleneck | F14: Dữ liệu mẫu Mibid | G14: Hiển thị biểu đồ số ngày trung bình ở từng bước, tô đỏ bước Hỏi giá vốn vượt SLA | H14: Hiển thị biểu đồ số ngày trung bình ở từng bước, tô đỏ bước Hỏi giá vốn vượt SLA | I14: P
